driver_id,driver_name,city,vehicle_type,rating,status
D0001,Priya 1,Bangalore,Hatchback,4.31,Active
D0002,Vikram 2,Bangalore,Auto,4.49,Active
D0003,Rahul 3,Bangalore,SUV,4.35,Active
D0004,Vikram 4,Mumbai,SUV,4.77,Active
D0005,Arjun 5,Bangalore,SUV,4.2,Active
D0006,Neha 6,Bangalore,Sedan,4.0,Active
D0007,Neha 7,Mumbai,Auto,4.29,Active
D0008,Priya 8,Mumbai,Sedan,4.4,Active
D0009,Anjali 9,Mumbai,Auto,4.35,Active
D0010,Arjun 10,Bangalore,SUV,4.42,Inactive
D0011,Karan 11,Mumbai,Bike,4.08,Active
D0012,Sneha 12,Delhi,Hatchback,4.05,Active
D0013,Priya 13,Delhi,SUV,4.04,Active
D0014,Arjun 14,Delhi,Auto,4.24,Active
D0015,Neha 15,Bangalore,SUV,4.58,Active
D0016,Priya 16,Bangalore,Auto,3.73,Inactive
D0017,Neha 17,Bangalore,Bike,3.68,Active
D0018,Arjun 18,Bangalore,SUV,4.77,Active
D0019,Vikram 19,Mumbai,Auto,3.88,Active
D0020,Amit 20,Delhi,Bike,4.5,Active
D0021,Rahul 21,Bangalore,SUV,3.87,Active
D0022,Priya 22,Mumbai,Bike,3.85,Active
D0023,Pooja 23,Delhi,Hatchback,4.98,Active
D0024,Priya 24,Delhi,Auto,4.17,Active
D0025,Neha 25,Bangalore,Hatchback,3.95,Inactive
D0026,Arjun 26,Delhi,SUV,4.45,Active
D0027,Priya 27,Delhi,Hatchback,4.53,Active
D0028,Neha 28,Bangalore,Auto,3.95,Inactive
D0029,Vikram 29,Bangalore,Auto,4.27,Inactive
D0030,Arjun 30,Bangalore,Sedan,4.36,Active
D0031,Anjali 31,Bangalore,Sedan,4.23,Inactive
D0032,Vikram 32,Bangalore,SUV,3.66,Active
D0033,Vikram 33,Bangalore,Hatchback,3.83,Inactive
D0034,Vikram 34,Delhi,SUV,4.22,Active
D0035,Karan 35,Delhi,Hatchback,3.91,Active
D0036,Sneha 36,Bangalore,Hatchback,4.46,Active
D0037,Vikram 37,Bangalore,Auto,4.32,Active
D0038,Sneha 38,Bangalore,Sedan,4.43,Inactive
D0039,Priya 39,Delhi,SUV,4.23,Active
D0040,Anjali 40,Delhi,Bike,4.7,Active
D0041,Pooja 41,Mumbai,SUV,4.73,Active
D0042,Karan 42,Mumbai,Sedan,4.59,Active
D0043,Priya 43,Bangalore,Bike,4.21,Active
D0044,Sneha 44,Bangalore,Auto,3.68,Active
D0045,Karan 45,Bangalore,Hatchback,3.61,Active
D0046,Vikram 46,Bangalore,Sedan,4.47,Active
D0047,Vikram 47,Bangalore,Sedan,4.91,Active
D0048,Pooja 48,Mumbai,SUV,4.0,Inactive
D0049,Rahul 49,Bangalore,Bike,4.65,Inactive
D0050,Pooja 50,Mumbai,Bike,4.3,Active
D0051,Vikram 51,Delhi,Bike,4.47,Inactive
D0052,Anjali 52,Delhi,Auto,4.54,Active
D0053,Neha 53,Bangalore,Sedan,3.94,Inactive
D0054,Amit 54,Bangalore,Auto,4.09,Active
D0055,Amit 55,Bangalore,Auto,4.93,Active
D0056,Anjali 56,Bangalore,Auto,4.59,Active
D0057,Anjali 57,Bangalore,Bike,4.05,Active
D0058,Arjun 58,Bangalore,Hatchback,3.92,Active
D0059,Karan 59,Bangalore,Hatchback,3.52,Inactive
D0060,Rahul 60,Mumbai,Auto,4.51,Inactive
D0061,Priya 61,Bangalore,Auto,4.36,Inactive
D0062,Priya 62,Bangalore,Hatchback,4.57,Active
D0063,Pooja 63,Delhi,Hatchback,3.51,Active
D0064,Rahul 64,Delhi,Auto,3.63,Active
D0065,Priya 65,Bangalore,Hatchback,4.42,Active
D0066,Arjun 66,Mumbai,Auto,4.41,Active
D0067,Neha 67,Bangalore,Hatchback,4.03,Inactive
D0068,Rahul 68,Bangalore,Bike,4.29,Inactive
D0069,Rahul 69,Bangalore,Hatchback,4.37,Active
D0070,Pooja 70,Delhi,Bike,3.81,Active
D0071,Priya 71,Bangalore,SUV,3.66,Active
D0072,Amit 72,Mumbai,SUV,4.11,Active
D0073,Neha 73,Bangalore,Hatchback,4.37,Active
D0074,Vikram 74,Mumbai,Auto,4.56,Active
D0075,Sneha 75,Bangalore,SUV,4.36,Active
D0076,Neha 76,Mumbai,SUV,4.25,Active
D0077,Priya 77,Mumbai,Sedan,4.46,Inactive
D0078,Pooja 78,Mumbai,Hatchback,4.11,Inactive
D0079,Sneha 79,Bangalore,Sedan,4.11,Active
D0080,Priya 80,Mumbai,Hatchback,4.0,Active
D0081,Karan 81,Delhi,Auto,4.26,Inactive
D0082,Arjun 82,Bangalore,Auto,4.37,Inactive
D0083,Arjun 83,Bangalore,Sedan,4.04,Inactive
D0084,Karan 84,Delhi,Auto,4.12,Active
D0085,Anjali 85,Bangalore,Hatchback,4.66,Active
D0086,Vikram 86,Delhi,SUV,4.4,Active
D0087,Priya 87,Delhi,Hatchback,3.93,Active
D0088,Arjun 88,Delhi,Hatchback,3.94,Active
D0089,Neha 89,Mumbai,Hatchback,4.08,Active
D0090,Karan 90,Delhi,SUV,4.22,Active
D0091,Arjun 91,Mumbai,Auto,4.45,Active
D0092,Anjali 92,Delhi,Hatchback,4.04,Active
D0093,Pooja 93,Delhi,SUV,3.68,Inactive
D0094,Amit 94,Delhi,Sedan,4.26,Active
D0095,Anjali 95,Mumbai,Sedan,4.54,Active
D0096,Sneha 96,Bangalore,SUV,3.77,Active
D0097,Sneha 97,Mumbai,Auto,4.38,Active
D0098,Anjali 98,Bangalore,Bike,4.19,Active
D0099,Sneha 99,Bangalore,Sedan,4.84,Inactive
D0100,Karan 100,Bangalore,SUV,3.87,Inactive
D0101,Vikram 101,Mumbai,Sedan,3.57,Active
D0102,Amit 102,Mumbai,Auto,4.02,Inactive
D0103,Anjali 103,Mumbai,Bike,3.88,Active
D0104,Vikram 104,Mumbai,SUV,3.94,Active
D0105,Pooja 105,Mumbai,Hatchback,4.31,Active
D0106,Vikram 106,Mumbai,SUV,3.63,Active
D0107,Priya 107,Delhi,Hatchback,4.33,Inactive
D0108,Priya 108,Bangalore,SUV,4.62,Active
D0109,Amit 109,Delhi,SUV,4.63,Active
D0110,Karan 110,Bangalore,SUV,4.44,Inactive
D0111,Karan 111,Delhi,Sedan,4.67,Active
D0112,Rahul 112,Mumbai,Hatchback,3.83,Active
D0113,Karan 113,Delhi,Auto,4.53,Active
D0114,Arjun 114,Mumbai,Bike,3.59,Active
D0115,Neha 115,Delhi,Bike,4.19,Inactive
D0116,Anjali 116,Delhi,Sedan,3.64,Inactive
D0117,Anjali 117,Delhi,Sedan,4.62,Inactive
D0118,Amit 118,Bangalore,Hatchback,4.49,Active
D0119,Sneha 119,Mumbai,Hatchback,3.92,Active
D0120,Karan 120,Mumbai,Sedan,4.91,Active
D0121,Vikram 121,Bangalore,Hatchback,4.32,Inactive
D0122,Rahul 122,Bangalore,SUV,4.43,Active
D0123,Rahul 123,Delhi,SUV,4.33,Active
D0124,Sneha 124,Mumbai,Hatchback,4.7,Active
D0125,Amit 125,Delhi,Auto,4.84,Active
D0126,Amit 126,Mumbai,Sedan,4.17,Active
D0127,Arjun 127,Delhi,Bike,3.86,Active
D0128,Sneha 128,Bangalore,Hatchback,4.64,Inactive
D0129,Anjali 129,Bangalore,Auto,4.37,Active
D0130,Neha 130,Bangalore,Auto,3.98,Active
D0131,Rahul 131,Mumbai,Bike,5,Active
D0132,Pooja 132,Delhi,SUV,4.85,Active
D0133,Vikram 133,Delhi,Hatchback,3.71,Active
D0134,Pooja 134,Mumbai,Auto,3.78,Active
D0135,Sneha 135,Bangalore,Hatchback,4.49,Active
D0136,Anjali 136,Delhi,Bike,4.12,Active
D0137,Pooja 137,Mumbai,SUV,3.97,Active
D0138,Arjun 138,Delhi,Hatchback,4.33,Active
D0139,Vikram 139,Bangalore,Sedan,4.32,Active
D0140,Sneha 140,Delhi,Bike,4.66,Active
D0141,Pooja 141,Mumbai,Sedan,4.51,Active
D0142,Arjun 142,Delhi,Auto,4.44,Active
D0143,Vikram 143,Delhi,Hatchback,3.78,Active
D0144,Pooja 144,Mumbai,Hatchback,4.56,Active
D0145,Priya 145,Delhi,SUV,4.07,Inactive
D0146,Amit 146,Bangalore,SUV,4.83,Active
D0147,Arjun 147,Delhi,Auto,4.72,Active
D0148,Priya 148,Bangalore,Hatchback,4.24,Active
D0149,Amit 149,Mumbai,Sedan,4.25,Active
D0150,Rahul 150,Delhi,Hatchback,4.12,Active
D0151,Amit 151,Delhi,Bike,4.34,Active
D0152,Pooja 152,Mumbai,Hatchback,4.33,Active
D0153,Rahul 153,Mumbai,Bike,4.4,Active
D0154,Anjali 154,Delhi,Sedan,4.38,Active
D0155,Anjali 155,Mumbai,Sedan,4.48,Active
D0156,Anjali 156,Delhi,Auto,4.29,Active
D0157,Vikram 157,Mumbai,Bike,4.55,Active
D0158,Karan 158,Mumbai,Auto,4.14,Active
D0159,Anjali 159,Delhi,Sedan,4.53,Active
D0160,Priya 160,Bangalore,SUV,4.22,Active
D0161,Priya 161,Bangalore,Sedan,3.85,Active
D0162,Rahul 162,Bangalore,Hatchback,4.59,Active
D0163,Pooja 163,Bangalore,SUV,4.85,Active
D0164,Sneha 164,Mumbai,Sedan,4.02,Active
D0165,Amit 165,Mumbai,SUV,4.49,Active
D0166,Anjali 166,Mumbai,Bike,4.39,Active
D0167,Arjun 167,Delhi,Bike,4.69,Active
D0168,Priya 168,Delhi,Sedan,4.15,Inactive
D0169,Neha 169,Delhi,Hatchback,4.55,Active
D0170,Anjali 170,Delhi,Sedan,4.34,Inactive
D0171,Arjun 171,Delhi,Sedan,4.32,Active
D0172,Pooja 172,Mumbai,SUV,4.08,Inactive
D0173,Karan 173,Delhi,Bike,4.69,Active
D0174,Neha 174,Delhi,Sedan,4.22,Inactive
D0175,Neha 175,Mumbai,Bike,4.1,Inactive
D0176,Vikram 176,Bangalore,Bike,5,Active
D0177,Arjun 177,Mumbai,Sedan,4.65,Active
D0178,Rahul 178,Delhi,Auto,4.23,Active
D0179,Rahul 179,Bangalore,Auto,3.92,Active
D0180,Rahul 180,Bangalore,Hatchback,4.75,Active
D0181,Arjun 181,Mumbai,Bike,4.98,Active
D0182,Sneha 182,Delhi,SUV,4.95,Active
D0183,Rahul 183,Delhi,Bike,5,Inactive
D0184,Pooja 184,Bangalore,SUV,4.9,Active
D0185,Arjun 185,Delhi,Hatchback,3.95,Active
D0186,Pooja 186,Delhi,SUV,4.5,Active
D0187,Anjali 187,Delhi,SUV,4.48,Inactive
D0188,Karan 188,Mumbai,Auto,4.09,Active
D0189,Rahul 189,Mumbai,Hatchback,4.54,Active
D0190,Amit 190,Mumbai,Auto,3.91,Active
D0191,Neha 191,Delhi,Auto,3.72,Inactive
D0192,Sneha 192,Delhi,Bike,4.87,Active
D0193,Karan 193,Bangalore,Hatchback,4.28,Inactive
D0194,Karan 194,Delhi,SUV,3.75,Active
D0195,Rahul 195,Bangalore,Auto,4.61,Active
D0196,Pooja 196,Bangalore,Auto,4.23,Inactive
D0197,Rahul 197,Delhi,SUV,3.87,Active
D0198,Pooja 198,Mumbai,Hatchback,4.57,Active
D0199,Karan 199,Delhi,Sedan,4.71,Inactive
D0200,Karan 200,Mumbai,Bike,3.75,Inactive
D0201,Rahul 201,Delhi,Sedan,4.35,Active
D0202,Sneha 202,Delhi,Sedan,4.83,Active
D0203,Priya 203,Delhi,Sedan,3.79,Inactive
D0204,Rahul 204,Mumbai,Sedan,4.49,Active
D0205,Neha 205,Mumbai,SUV,4.31,Active
D0206,Amit 206,Bangalore,SUV,4.66,Active
D0207,Karan 207,Delhi,SUV,3.84,Active
D0208,Arjun 208,Mumbai,Hatchback,4.31,Active
D0209,Pooja 209,Mumbai,Auto,4.51,Active
D0210,Anjali 210,Mumbai,Bike,4.62,Active
D0211,Pooja 211,Mumbai,SUV,4.99,Active
D0212,Karan 212,Delhi,Hatchback,4.3,Active
D0213,Arjun 213,Bangalore,Bike,4.23,Active
D0214,Rahul 214,Delhi,Bike,4.75,Inactive
D0215,Arjun 215,Bangalore,Auto,4.38,Active
D0216,Arjun 216,Delhi,SUV,4.07,Active
D0217,Rahul 217,Mumbai,Bike,4.63,Active
D0218,Arjun 218,Mumbai,Bike,4.37,Active
D0219,Amit 219,Delhi,Hatchback,3.54,Inactive
D0220,Arjun 220,Mumbai,Hatchback,4.15,Active
D0221,Neha 221,Bangalore,Bike,4.49,Inactive
D0222,Karan 222,Delhi,Hatchback,4.26,Active
D0223,Karan 223,Bangalore,Hatchback,3.92,Active
D0224,Arjun 224,Delhi,Bike,4.21,Inactive
D0225,Neha 225,Bangalore,SUV,3.82,Inactive
D0226,Neha 226,Delhi,SUV,4.39,Active
D0227,Pooja 227,Delhi,Hatchback,4.2,Active
D0228,Rahul 228,Mumbai,Bike,4.16,Active
D0229,Sneha 229,Delhi,SUV,4.04,Inactive
D0230,Vikram 230,Mumbai,Auto,4.52,Active
D0231,Amit 231,Mumbai,Sedan,4.54,Inactive
D0232,Arjun 232,Bangalore,Hatchback,3.88,Active
D0233,Pooja 233,Bangalore,Hatchback,4.73,Active
D0234,Neha 234,Bangalore,Bike,4.61,Active
D0235,Priya 235,Mumbai,Sedan,4.04,Active
D0236,Rahul 236,Bangalore,Hatchback,3.87,Active
D0237,Amit 237,Delhi,SUV,4.84,Active
D0238,Sneha 238,Bangalore,Hatchback,4.55,Active
D0239,Anjali 239,Bangalore,Hatchback,4.42,Active
D0240,Arjun 240,Bangalore,Sedan,4.15,Active
D0241,Rahul 241,Bangalore,Sedan,3.91,Active
D0242,Rahul 242,Bangalore,Hatchback,4.78,Active
D0243,Karan 243,Delhi,Sedan,4.29,Active
D0244,Vikram 244,Delhi,Sedan,3.9,Active
D0245,Sneha 245,Delhi,Sedan,4.19,Active
D0246,Arjun 246,Mumbai,Sedan,3.54,Active
D0247,Pooja 247,Mumbai,Bike,4.14,Inactive
D0248,Priya 248,Bangalore,Hatchback,3.93,Active
D0249,Priya 249,Bangalore,Hatchback,3.97,Active
D0250,Karan 250,Delhi,Auto,3.97,Active
